Transaction ID,Transaction Date,Transaction Type,Warehouse,SKU Code,Reference ID,Mode of Transportation,Ship Name,Container Number,Notes,Extracted Carrier,Extracted Transport Mode,Extracted FBA ID,Extracted Box Count,Extracted Tracking,Extracted Batch,Extracted Invoice,Reference Format Type,Has Structured Data
TRX-FMC-1748563200000-172,2025-05-29,SHIP,FMC,CS 008,"UPS-LTL-MIX-SKU-43Boxes- FBA15KDRK23D",,,,"",UPS,LTL,FBA15KDRK23D,43,,,,UPS-PREFIX,YES
TRX-FMC-1748563200000-171,2025-05-29,SHIP,FMC,CS 007,"UPS-LTL-MIX-SKU-43Boxes- FBA15KDRK23D",,,,"",UPS,LTL,FBA15KDRK23D,43,,,,UPS-PREFIX,YES
TRX-FMC-1748563200000-173,2025-05-29,SHIP,FMC,CS 010,"UPS-LTL-MIX-SKU-43Boxes- FBA15KDRK23D",,,,"",UPS,LTL,FBA15KDRK23D,43,,,,UPS-PREFIX,YES
TRX-4AS-1748304000000-170,2025-05-26,SHIP,4AS,CS-CDS-001,"UPSLTL-4ASGLOBAL-28Boxes-SKU-CDS-001-FBA15KD7FK64",,,,"",UPS,LTL,FBA15KD7FK64,28,,,,FBA-SHIPMENT,YES
TRX-VGLOBAL-1747353600000-169,2025-05-15,SHIP,VGlobal,CS 011,"VGlobal-INV13-64Boxes-FBA15KC3XG8H- AMZ-F#1001970241",,,,"",,,FBA15KC3XG8H,64,,,13,FBA-SHIPMENT,YES
TRX-VGLOBAL-1746403200000-168,2025-05-04,SHIP,VGlobal,CS 007,"VLGLOBAL-INV13-162Boxes-FBA15K9HNNRQ",,,,"",,,FBA15K9HNNRQ,162,,,13,FBA-SHIPMENT,YES
TRX-FMC-1744934400000-167,2025-04-17,SHIP,FMC,CS 010,"Mix SKU - 25 CTNS - FMC - FBA15K7TRCBF",,,,"",,,FBA15K7TRCBF,25,,,,FBA-SHIPMENT,YES
TRX-FMC-1744934400000-166,2025-04-17,SHIP,FMC,CS 008,"Mix SKU - 25 CTNS - FMC - FBA15K7TRCBF",,,,"",,,FBA15K7TRCBF,25,,,,FBA-SHIPMENT,YES
TRX-4AS-1744243200000-164,2025-04-09,SHIP,4AS,CS-CDS-001,"SPD-65 Boxes-Batch4-Glasgow-FBA15K6P9YYH",,,,"",,SPD,FBA15K6P9YYH,65,,4,,FBA-SHIPMENT,YES
TRX-4AS-1744243200000-165,2025-04-09,SHIP,4AS,CS-CDS-002,"SPD-65 Boxes-Batch4-Glasgow-FBA15K6P9YYH",,,,"",,SPD,FBA15K6P9YYH,65,,4,,FBA-SHIPMENT,YES
TRX-VGLOBAL-1743724800000-163,2025-04-03,SHIP,VGlobal,CS 011,"216 Ctns - VGlobal FBA15K636C58",,,,"",,,FBA15K636C58,216,,,,FBA-SHIPMENT,YES
TRX-VGLOBAL-1743724800000-162,2025-04-03,SHIP,VGlobal,CS 007,"216 Ctns - VGlobal FBA15K636C58",,,,"",,,FBA15K636C58,216,,,,FBA-SHIPMENT,YES
TRX-VGLOBAL-1743724800000-161,2025-04-03,SHIP,VGlobal,CS 007,"216 Ctns - VGlobal FBA15K636C58",,,,"",,,FBA15K636C58,216,,,,FBA-SHIPMENT,YES
TRX-VGLOBAL-1742515200000-160,2025-03-20,SHIP,VGlobal,CS 009,"20 Ctns-Vglobal - FBA15K4SRQVN",,,,"",,,FBA15K4SRQVN,20,,,,FBA-SHIPMENT,YES
TRX-VGLOBAL-1742515200000-159,2025-03-20,SHIP,VGlobal,CS 008,"20 Ctns-Vglobal - FBA15K4SRQVN",,,,"",,,FBA15K4SRQVN,20,,,,FBA-SHIPMENT,YES
TRX-4AS-1742169600000-158,2025-03-16,SHIP,4AS,CS-CDS-002,"(SPD) - FBA15K42D344 - 80 Boxes",,,,"",,SPD,FBA15K42D344,80,,,,FBA-SHIPMENT,YES
TRX-VGLOBAL-1740700800000-153,2025-02-27,SHIP,VGlobal,CS 008,"304 Ctns - Mix SKU -Vglobal",,,,"",,,,304,,,,OTHER,YES
TRX-VGLOBAL-1740700800000-150,2025-02-27,SHIP,VGlobal,CS 007,"304 Ctns - Mix SKU -Vglobal",,,,"",,,,304,,,,OTHER,YES
TRX-VGLOBAL-1740700800000-151,2025-02-27,SHIP,VGlobal,CS 011,"304 Ctns - Mix SKU -Vglobal",,,,"",,,,304,,,,OTHER,YES
TRX-VGLOBAL-1740700800000-155,2025-02-27,SHIP,VGlobal,CS 009,"304 Ctns - Mix SKU -Vglobal",,,,"",,,,304,,,,OTHER,YES
TRX-VGLOBAL-1740700800000-154,2025-02-27,SHIP,VGlobal,CS 010,"304 Ctns - Mix SKU -Vglobal",,,,"",,,,304,,,,OTHER,YES
TRX-VGLOBAL-1740700800000-152,2025-02-27,SHIP,VGlobal,CS 011,"304 Ctns - Mix SKU -Vglobal",,,,"",,,,304,,,,OTHER,YES
TRX-VGLOBAL-1740700800000-157,2025-02-27,SHIP,VGlobal,CS-CDS-001,"304 Ctns - Mix SKU -Vglobal",,,,"",,,,304,,,,OTHER,YES
TRX-VGLOBAL-1740700800000-156,2025-02-27,SHIP,VGlobal,CS 012,"304 Ctns - Mix SKU -Vglobal",,,,"",,,,304,,,,OTHER,YES
TRX-4AS-1740441600000-148,2025-02-24,SHIP,4AS,CS-CDS-001,"LTL Pickup -- Batch 4 - FBA15K1ZY9VG",,,,"",,LTL,FBA15K1ZY9VG,,,4,,FBA-SHIPMENT,YES
TRX-4AS-1740441600000-149,2025-02-24,SHIP,4AS,CS-CDS-002,"LTL Pickup -- Batch 4 - FBA15K1ZY9VG",,,,"",,LTL,FBA15K1ZY9VG,,,4,,FBA-SHIPMENT,YES
TRX-4AS-1740096000000-147,2025-02-20,SHIP,4AS,CS-CDS-002,"Small parcel delivery (SPD) - UPS Pickup",,,,"",,SMALL_PARCEL,,,,,,OTHER,YES
TRX-VGLOBAL-1739145600000-145,2025-02-09,SHIP,VGlobal,CS 012,"198 Ctns - Mix SKU - Vglobal",,,,"",,,,198,,,,OTHER,YES
TRX-VGLOBAL-1739145600000-143,2025-02-09,SHIP,VGlobal,CS 009,"198 Ctns - Mix SKU - Vglobal",,,,"",,,,198,,,,OTHER,YES
TRX-VGLOBAL-1739145600000-141,2025-02-09,SHIP,VGlobal,CS 007,"198 Ctns - Mix SKU - Vglobal",,,,"",,,,198,,,,OTHER,YES
TRX-VGLOBAL-1739145600000-142,2025-02-09,SHIP,VGlobal,CS 011,"198 Ctns - Mix SKU - Vglobal",,,,"",,,,198,,,,OTHER,YES
TRX-VGLOBAL-1739145600000-144,2025-02-09,SHIP,VGlobal,CS 009,"198 Ctns - Mix SKU - Vglobal",,,,"",,,,198,,,,OTHER,YES
TRX-VGLOBAL-1739145600000-146,2025-02-09,SHIP,VGlobal,CS-CDS-001,"198 Ctns - Mix SKU - Vglobal",,,,"",,,,198,,,,OTHER,YES
TRX-FMC-1738540800000-140,2025-02-02,SHIP,FMC,CS 007,"54 Ctns - CS007 - FMC",,,,"",,,,54,,,,OTHER,YES
TRX-VGLOBAL-1738195200000-139,2025-01-29,SHIP,VGlobal,CS-CDS-002,"101 Ctns - Mix SKU - Vglobal",,,,"",,,,101,,,,OTHER,YES
TRX-VGLOBAL-1738195200000-138,2025-01-29,SHIP,VGlobal,CS 012,"101 Ctns - Mix SKU - Vglobal",,,,"",,,,101,,,,OTHER,YES
TRX-VGLOBAL-1738195200000-137,2025-01-29,SHIP,VGlobal,CS 008,"101 Ctns - Mix SKU - Vglobal",,,,"",,,,101,,,,OTHER,YES
TRX-VGLOBAL-1738195200000-136,2025-01-29,SHIP,VGlobal,CS 011,"101 Ctns - Mix SKU - Vglobal",,,,"",,,,101,,,,OTHER,YES
TRX-FMC-1737504000000-134,2025-01-21,SHIP,FMC,CS 008,"72 Ctns - Mix SKU - FMC",,,,"",,,,72,,,,OTHER,YES
TRX-FMC-1737504000000-133,2025-01-21,SHIP,FMC,CS 007,"72 Ctns - Mix SKU - FMC",,,,"",,,,72,,,,OTHER,YES
TRX-VGLOBAL-1737504000000-132,2025-01-21,SHIP,VGlobal,CS-CDS-001,"72 Ctns - Mix SKU - Vglobal",,,,"",,,,72,,,,OTHER,YES
TRX-VGLOBAL-1737504000000-131,2025-01-21,SHIP,VGlobal,CS 009,"72 Ctns - Mix SKU - Vglobal",,,,"",,,,72,,,,OTHER,YES
TRX-FMC-1737504000000-135,2025-01-21,SHIP,FMC,CS 008,"72 Ctns - Mix SKU - FMC",,,,"",,,,72,,,,OTHER,YES
TRX-FMC-1736899200000-128,2025-01-14,SHIP,FMC,CS 010,"76 Cartons - Mix SKU - LTL",,,,"",,LTL,,76,,,,OTHER,YES
TRX-FMC-1736899200000-127,2025-01-14,SHIP,FMC,CS 009,"76 Cartons - Mix SKU - LTL",,,,"",,LTL,,76,,,,OTHER,YES
TRX-FMC-1736899200000-126,2025-01-14,SHIP,FMC,CS 007,"76 Cartons - Mix SKU - LTL",,,,"",,LTL,,76,,,,OTHER,YES
TRX-VGLOBAL-1736899200000-124,2025-01-14,SHIP,VGlobal,CS 012,"88 Ctns - Mix SKU - LTL",,,,"FIFO",,LTL,,88,,,,OTHER,YES
TRX-VGLOBAL-1736899200000-125,2025-01-14,SHIP,VGlobal,CS-CDS-002,"88 Ctns - Mix SKU - LTL",,,,"",,LTL,,88,,,,OTHER,YES
TRX-VGLOBAL-1736899200000-123,2025-01-14,SHIP,VGlobal,CS 012,"88 Ctns - Mix SKU - LTL",,,,"FIFO",,LTL,,88,,,,OTHER,YES
TRX-VGLOBAL-1736899200000-122,2025-01-14,SHIP,VGlobal,CS 011,"88 Ctns - Mix SKU - LTL",,,,"",,LTL,,88,,,,OTHER,YES
TRX-FMC-1736899200000-130,2025-01-14,SHIP,FMC,CS-CDS-001,"76 Cartons - Mix SKU - LTL",,,,"",,LTL,,76,,,,OTHER,YES
TRX-FMC-1736899200000-129,2025-01-14,SHIP,FMC,CS 010,"76 Cartons - Mix SKU - LTL",,,,"",,LTL,,76,,,,OTHER,YES
TRX-VGLOBAL-1736467200000-119,2025-01-09,RECEIVE,VGlobal,CS 010,"Batch 13 Received",,,,"",,,,,,13,,BATCH-NUMBER,YES
TRX-VGLOBAL-1736467200000-116,2025-01-09,RECEIVE,VGlobal,CS 007,"Batch 13 Received",,,,"",,,,,,13,,BATCH-NUMBER,YES
TRX-VGLOBAL-1736467200000-117,2025-01-09,RECEIVE,VGlobal,CS 011,"Batch 13 Received",,,,"",,,,,,13,,BATCH-NUMBER,YES
TRX-VGLOBAL-1736467200000-121,2025-01-09,RECEIVE,VGlobal,CS 012,"Batch 13 Received",,,,"",,,,,,13,,BATCH-NUMBER,YES
TRX-VGLOBAL-1736467200000-120,2025-01-09,RECEIVE,VGlobal,CS 009,"Batch 13 Received",,,,"",,,,,,13,,BATCH-NUMBER,YES
TRX-VGLOBAL-1736467200000-118,2025-01-09,RECEIVE,VGlobal,CS 008,"Batch 13 Received",,,,"",,,,,,13,,BATCH-NUMBER,YES
TRX-FMC-1735862400000-114,2025-01-02,SHIP,FMC,CS 007,"94 Cartons - Mix SKU - LTL",,,,"",,LTL,,94,,,,OTHER,YES
TRX-FMC-1735862400000-115,2025-01-02,SHIP,FMC,CS 009,"94 Cartons - Mix SKU - LTL",,,,"",,LTL,,94,,,,OTHER,YES
TRX-VGLOBAL-1735862400000-113,2025-01-02,SHIP,VGlobal,CS 012,"72 Ctns - Mix SKU - LTL",,,,"",,LTL,,72,,,,OTHER,YES
TRX-VGLOBAL-1735862400000-112,2025-01-02,SHIP,VGlobal,CS 011,"72 Ctns - Mix SKU - LTL",,,,"",,LTL,,72,,,,OTHER,YES
TRX-FMC-1734652800000-111,2024-12-19,SHIP,FMC,CS-CDS-001,"72 Cartons - Mix SKU - LTL",,,,"",,LTL,,72,,,,OTHER,YES
TRX-FMC-1734652800000-110,2024-12-19,SHIP,FMC,CS 009,"72 Cartons - Mix SKU - LTL",,,,"",,LTL,,72,,,,OTHER,YES
TRX-FMC-1734652800000-109,2024-12-19,SHIP,FMC,CS 007,"72 Cartons - Mix SKU - LTL",,,,"",,LTL,,72,,,,OTHER,YES
TRX-4AS-1734220800000-108,2024-12-14,RECEIVE,4AS,CS-CDS-002,"Batch 4 - Bari Textile Receiving",,,,"",,,,,,4,,BATCH-NUMBER,YES
TRX-4AS-1734220800000-107,2024-12-14,RECEIVE,4AS,CS-CDS-001,"Batch 4 - Bari Textile Receiving",,,,"",,,,,,4,,BATCH-NUMBER,YES
TRX-VGLOBAL-1733270400000-106,2024-12-03,SHIP,VGlobal,CS 011,"24 Cartons - CS011",,,,"",,,,24,,,,OTHER,YES
TRX-VGLOBAL-1733184000000-100,2024-12-02,SHIP,VGlobal,CS 011,"88 Ctns - Mix SKU - 03 Dec",,,,"",,,,88,,,,OTHER,YES
TRX-FMC-1733184000000-105,2024-12-02,SHIP,FMC,CS-CDS-001,"64 Cartons-Mix SKU-LTL-02-Dec",,,,"",,LTL,,64,,,,OTHER,YES
TRX-FMC-1733184000000-104,2024-12-02,SHIP,FMC,CS 009,"64 Cartons-Mix SKU-LTL-02-Dec",,,,"",,LTL,,64,,,,OTHER,YES
TRX-FMC-1733184000000-103,2024-12-02,SHIP,FMC,CS 008,"64 Cartons-Mix SKU-LTL-02-Dec",,,,"",,LTL,,64,,,,OTHER,YES
TRX-VGLOBAL-1733184000000-102,2024-12-02,SHIP,VGlobal,CS-CDS-002,"88 Ctns - Mix SKU - 03 Dec",,,,"",,,,88,,,,OTHER,YES
TRX-VGLOBAL-1733184000000-101,2024-12-02,SHIP,VGlobal,CS 012,"88 Ctns - Mix SKU - 03 Dec",,,,"",,,,88,,,,OTHER,YES
TRX-VGLOBAL-1731024000000-98,2024-11-07,SHIP,VGlobal,CS 012,"48 Cartons CS011 CS012",,,,"",,,,48,,,,OTHER,YES
TRX-FMC-1731024000000-99,2024-11-07,SHIP,FMC,CS 007,"72 Cartons - CS007",,,,"",,,,72,,,,OTHER,YES
TRX-VGLOBAL-1731024000000-97,2024-11-07,SHIP,VGlobal,CS 011,"48 Cartons CS011 CS012",,,,"",,,,48,,,,OTHER,YES
TRX-VGLOBAL-1730332800000-96,2024-10-30,SHIP,VGlobal,CS-CDS-002,"114 Cartons - Mix SKU",,,,"",,,,114,,,,OTHER,YES
TRX-VGLOBAL-1730332800000-95,2024-10-30,SHIP,VGlobal,CS 007,"114 Cartons - Mix SKU",,,,"",,,,114,,,,OTHER,YES
TRX-VGLOBAL-1729814400000-94,2024-10-24,SHIP,VGlobal,CS 012,"24 Cartons - CS012",,,,"",,,,24,,,,OTHER,YES
TRX-FMC-1729641600000-92,2024-10-22,SHIP,FMC,CS 010,"164 Cartons - Mix SKU",,,,"",,,,164,,,,OTHER,YES
TRX-FMC-1729641600000-93,2024-10-22,SHIP,FMC,CS-CDS-001,"164 Cartons - Mix SKU",,,,"",,,,164,,,,OTHER,YES
TRX-FMC-1729641600000-90,2024-10-22,SHIP,FMC,CS 007,"164 Cartons - Mix SKU",,,,"",,,,164,,,,OTHER,YES
TRX-FMC-1729641600000-91,2024-10-22,SHIP,FMC,CS 009,"164 Cartons - Mix SKU",,,,"",,,,164,,,,OTHER,YES
TRX-VGLOBAL-1728950400000-87,2024-10-14,SHIP,VGlobal,CS 007,"96 Cartons - Mix SKU",,,,"",,,,96,,,,OTHER,YES
TRX-VGLOBAL-1728950400000-88,2024-10-14,SHIP,VGlobal,CS 009,"96 Cartons - Mix SKU",,,,"",,,,96,,,,OTHER,YES
TRX-VGLOBAL-1728950400000-89,2024-10-14,SHIP,VGlobal,CS-CDS-002,"96 Cartons - Mix SKU",,,,"",,,,96,,,,OTHER,YES
TRX-FMC-1728604800000-83,2024-10-10,SHIP,FMC,CS 007,"72 Cartons - Mix SKU - LTL-11-Oct",,,,"",,LTL,,72,,,,OTHER,YES
TRX-FMC-1728604800000-85,2024-10-10,SHIP,FMC,CS-CDS-001,"72 Cartons - Mix SKU - LTL-11-Oct",,,,"",,LTL,,72,,,,OTHER,YES
TRX-FMC-1728604800000-86,2024-10-10,SHIP,FMC,CS-CDS-001,"72 Cartons - Mix SKU - LTL-11-Oct",,,,"",,LTL,,72,,,,OTHER,YES
TRX-FMC-1728604800000-84,2024-10-10,SHIP,FMC,CS 009,"72 Cartons - Mix SKU - LTL-11-Oct",,,,"",,LTL,,72,,,,OTHER,YES
TRX-FMC-1728432000000-80,2024-10-08,SHIP,FMC,CS 007,"72 Cartons - Mix SKU - LTL",,,,"",,LTL,,72,,,,OTHER,YES
TRX-FMC-1728432000000-81,2024-10-08,SHIP,FMC,CS 009,"72 Cartons - Mix SKU - LTL",,,,"",,LTL,,72,,,,OTHER,YES
TRX-FMC-1728432000000-82,2024-10-08,SHIP,FMC,CS 009,"72 Cartons - Mix SKU - LTL",,,,"",,LTL,,72,,,,OTHER,YES
TRX-FMC-1728000000000-77,2024-10-03,SHIP,FMC,CS 007,"95 Cartons - Mix SKU - LTL",,,,"",,LTL,,95,,,,OTHER,YES
TRX-FMC-1728000000000-79,2024-10-03,SHIP,FMC,CS-CDS-002,"95 Cartons - Mix SKU - LTL",,,,"",,LTL,,95,,,,OTHER,YES
TRX-FMC-1728000000000-78,2024-10-03,SHIP,FMC,CS 010,"95 Cartons - Mix SKU - LTL",,,,"",,LTL,,95,,,,OTHER,YES
TRX-VGLOBAL-1727308800000-76,2024-09-25,RECEIVE,VGlobal,CS-CDS-002,"CDS Pakistan - Copiapo",,CDS Pakistan,,"",,,,,,,,OTHER,YES
TRX-VGLOBAL-1727308800000-75,2024-09-25,RECEIVE,VGlobal,CS-CDS-001,"CDS Pakistan - Copiapo",,CDS Pakistan,,"",,,,,,,,OTHER,YES
TRX-FMC-1727049600000-73,2024-09-22,SHIP,FMC,CS-CDS-001,"68 Cartons - Mix SKU - SPD",,,,"",,SPD,,68,,,,OTHER,YES
TRX-FMC-1727049600000-74,2024-09-22,SHIP,FMC,CS-CDS-002,"68 Cartons - Mix SKU - SPD",,,,"",,SPD,,68,,,,OTHER,YES
TRX-FMC-1727049600000-72,2024-09-22,SHIP,FMC,CS 010,"68 Cartons - Mix SKU - SPD",,,,"",,SPD,,68,,,,OTHER,YES
TRX-FMC-1727049600000-71,2024-09-22,SHIP,FMC,CS 010,"68 Cartons - Mix SKU - SPD",,,,"",,SPD,,68,,,,OTHER,YES
TRX-FMC-1727049600000-70,2024-09-22,SHIP,FMC,CS 009,"68 Cartons - Mix SKU - SPD",,,,"",,SPD,,68,,,,OTHER,YES
TRX-FMC-1727049600000-69,2024-09-22,SHIP,FMC,CS 007,"68 Cartons - Mix SKU - SPD",,,,"",,SPD,,68,,,,OTHER,YES
TRX-FMC-1727049600000-68,2024-09-22,SHIP,FMC,CS-CDS-002,"72 Cartons - Mix SKU - LTL",,,,"",,LTL,,72,,,,OTHER,YES
TRX-FMC-1727049600000-67,2024-09-22,SHIP,FMC,CS-CDS-001,"72 Cartons - Mix SKU - LTL",,,,"",,LTL,,72,,,,OTHER,YES
TRX-FMC-1727049600000-66,2024-09-22,SHIP,FMC,CS 009,"72 Cartons - Mix SKU - LTL",,,,"",,LTL,,72,,,,OTHER,YES
TRX-FMC-1727049600000-65,2024-09-22,SHIP,FMC,CS 007,"72 Cartons - Mix SKU - LTL",,,,"",,LTL,,72,,,,OTHER,YES
TRX-VGLOBAL-1726790400000-64,2024-09-19,SHIP,VGlobal,CS 012,"48 Cartons - CS011-CS012",,,,"",,,,48,,,,OTHER,YES
TRX-VGLOBAL-1726790400000-63,2024-09-19,SHIP,VGlobal,CS 011,"48 Cartons - CS011-CS012",,,,"",,,,48,,,,OTHER,YES
TRX-VGLOBAL-1726617600000-60,2024-09-17,RECEIVE,VGlobal,CS 010,"OOCL Spain",,OOCL Spain,,"",,,,,,,,OOCL-REFERENCE,YES
TRX-VGLOBAL-1726617600000-59,2024-09-17,RECEIVE,VGlobal,CS 008,"OOCL Spain",,OOCL Spain,,"",,,,,,,,OOCL-REFERENCE,YES
TRX-VGLOBAL-1726617600000-58,2024-09-17,RECEIVE,VGlobal,CS 011,"OOCL Spain",,OOCL Spain,,"",,,,,,,,OOCL-REFERENCE,YES
TRX-VGLOBAL-1726617600000-62,2024-09-17,RECEIVE,VGlobal,CS 012,"OOCL Spain",,OOCL Spain,,"",,,,,,,,OOCL-REFERENCE,YES
TRX-VGLOBAL-1726617600000-61,2024-09-17,RECEIVE,VGlobal,CS 009,"OOCL Spain",,OOCL Spain,,"",,,,,,,,OOCL-REFERENCE,YES
TRX-VGLOBAL-1726617600000-57,2024-09-17,RECEIVE,VGlobal,CS 007,"OOCL Spain",,OOCL Spain,,"",,,,,,,,OOCL-REFERENCE,YES
TRX-FMC-1726444800000-56,2024-09-15,SHIP,FMC,CS 009,"36 Cartons - CS007-CS009 - LTL",,,,"",,LTL,,36,,,,OTHER,YES
TRX-FMC-1726444800000-55,2024-09-15,SHIP,FMC,CS 007,"36 Cartons - CS007-CS009 - LTL",,,,"",,LTL,,36,,,,OTHER,YES
TRX-FMC-1726444800000-54,2024-09-15,SHIP,FMC,CS 007,"20 Cartons - CS007 - SPD",,,,"",,SPD,,20,,,,OTHER,YES
TRX-FMC-1726012800000-52,2024-09-10,SHIP,FMC,CS-CDS-001,"198 Cartons - Mix SKU - FTL",,,,"",,FTL,,198,,,,OTHER,YES
TRX-FMC-1726012800000-51,2024-09-10,SHIP,FMC,CS 009,"198 Cartons - Mix SKU - FTL",,,,"",,FTL,,198,,,,OTHER,YES
TRX-FMC-1726012800000-50,2024-09-10,SHIP,FMC,CS 007,"198 Cartons - Mix SKU - FTL",,,,"",,FTL,,198,,,,OTHER,YES
TRX-FMC-1726012800000-53,2024-09-10,SHIP,FMC,CS-CDS-002,"198 Cartons - Mix SKU - FTL",,,,"",,FTL,,198,,,,OTHER,YES
TRX-FMC-1724284800000-45,2024-08-21,SHIP,FMC,CS 007,"216 Cartons - Mix SKU",,,,"",,,,216,,,,OTHER,YES
TRX-FMC-1724284800000-47,2024-08-21,SHIP,FMC,CS 009,"216 Cartons - Mix SKU",,,,"",,,,216,,,,OTHER,YES
TRX-FMC-1724284800000-48,2024-08-21,SHIP,FMC,CS-CDS-001,"216 Cartons - Mix SKU",,,,"",,,,216,,,,OTHER,YES
TRX-FMC-1724284800000-49,2024-08-21,SHIP,FMC,CS-CDS-002,"216 Cartons - Mix SKU",,,,"",,,,216,,,,OTHER,YES
TRX-FMC-1724284800000-46,2024-08-21,SHIP,FMC,CS 009,"216 Cartons - Mix SKU",,,,"",,,,216,,,,OTHER,YES
TRX-FMC-1724112000000-43,2024-08-19,SHIP,FMC,CS-CDS-001,"Shipment 1 - UK - DE Mix SKU 5 Pallets",,,,"",,,,,,,,SHIPMENT-PREFIX,NO
TRX-FMC-1724112000000-44,2024-08-19,SHIP,FMC,CS-CDS-002,"Shipment 1 - UK - DE Mix SKU 5 Pallets",,,,"",,,,,,,,SHIPMENT-PREFIX,NO
TRX-FMC-1724112000000-42,2024-08-19,SHIP,FMC,CS 009,"Shipment 1 - UK - DE Mix SKU 5 Pallets",,,,"",,,,,,,,SHIPMENT-PREFIX,NO
TRX-FMC-1724112000000-41,2024-08-19,SHIP,FMC,CS 008,"Shipment 1 - UK - DE Mix SKU 5 Pallets",,,,"",,,,,,,,SHIPMENT-PREFIX,NO
TRX-FMC-1724112000000-40,2024-08-19,SHIP,FMC,CS 007,"Shipment 1 - UK - DE Mix SKU 5 Pallets",,,,"",,,,,,,,SHIPMENT-PREFIX,NO
TRX-FMC-1723593600000-38,2024-08-13,RECEIVE,FMC,CS 009,"MSC Ilaria",,MSC Ilaria,,"",,,,,,,,MSC-REFERENCE,YES
TRX-FMC-1723593600000-39,2024-08-13,RECEIVE,FMC,CS 010,"MSC Ilaria",,MSC Ilaria,,"",,,,,,,,MSC-REFERENCE,YES
TRX-FMC-1723593600000-37,2024-08-13,RECEIVE,FMC,CS 007,"MSC Ilaria",,MSC Ilaria,,"",,,,,,,,MSC-REFERENCE,YES
TRX-FMC-1723507200000-36,2024-08-12,SHIP,FMC,CS 009,"72 Cartons - CS007 CS009",,,,"",,,,72,,,,OTHER,YES
TRX-FMC-1723507200000-35,2024-08-12,SHIP,FMC,CS 007,"72 Cartons - CS007 CS009",,,,"",,,,72,,,,OTHER,YES
TRX-FMC-1722556800000-34,2024-08-01,SHIP,FMC,CS 007,"108 Cartons - CS007",,,,"",,,,108,,,,OTHER,YES
TRX-FMC-1722470400000-31,2024-07-31,RECEIVE,FMC,CS 009,"OOCL Japan",,OOCL Japan,,"",,,,,,,,OOCL-REFERENCE,YES
TRX-FMC-1722470400000-30,2024-07-31,RECEIVE,FMC,CS 007,"OOCL Japan",,OOCL Japan,,"",,,,,,,,OOCL-REFERENCE,YES
TRX-FMC-1722470400000-33,2024-07-31,RECEIVE,FMC,CS-CDS-001,"OOCL Japan",,OOCL Japan,,"",,,,,,,,OOCL-REFERENCE,YES
TRX-FMC-1722470400000-32,2024-07-31,RECEIVE,FMC,CS 010,"OOCL Japan",,OOCL Japan,,"",,,,,,,,OOCL-REFERENCE,YES
TRX-FMC-1721692800000-28,2024-07-22,SHIP,FMC,CS 010,"214 Cartons - Mix SKU",,,,"",,,,214,,,,OTHER,YES
TRX-FMC-1721692800000-27,2024-07-22,SHIP,FMC,CS 009,"214 Cartons - Mix SKU",,,,"",,,,214,,,,OTHER,YES
TRX-FMC-1721692800000-26,2024-07-22,SHIP,FMC,CS 007,"214 Cartons - Mix SKU",,,,"",,,,214,,,,OTHER,YES
TRX-FMC-1721692800000-29,2024-07-22,SHIP,FMC,CS-CDS-002,"214 Cartons - Mix SKU",,,,"",,,,214,,,,OTHER,YES
TRX-FMC-1720569600000-23,2024-07-09,SHIP,FMC,CS 007,"223 cartons - Mix SKU",,,,"",,,,223,,,,OTHER,YES
TRX-FMC-1720569600000-22,2024-07-09,SHIP,FMC,CS 009,"223 cartons - Mix SKU",,,,"",,,,223,,,,OTHER,YES
TRX-FMC-1720569600000-21,2024-07-09,SHIP,FMC,CS 007,"223 cartons - Mix SKU",,,,"",,,,223,,,,OTHER,YES
TRX-FMC-1720569600000-25,2024-07-09,SHIP,FMC,CS-CDS-002,"223 cartons - Mix SKU",,,,"",,,,223,,,,OTHER,YES
TRX-FMC-1720569600000-24,2024-07-09,SHIP,FMC,CS-CDS-001,"223 cartons - Mix SKU",,,,"",,,,223,,,,OTHER,YES
TRX-FMC-1720396800000-17,2024-07-07,RECEIVE,FMC,CS 009,"MSC Idania",,MSC Idania,,"",,,,,,,,MSC-REFERENCE,YES
TRX-FMC-1720396800000-18,2024-07-07,RECEIVE,FMC,CS 010,"MSC Idania",,MSC Idania,,"",,,,,,,,MSC-REFERENCE,YES
TRX-FMC-1720396800000-19,2024-07-07,RECEIVE,FMC,CS-CDS-001,"MSC Idania",,MSC Idania,,"",,,,,,,,MSC-REFERENCE,YES
TRX-FMC-1720396800000-20,2024-07-07,RECEIVE,FMC,CS-CDS-002,"MSC Idania",,MSC Idania,,"",,,,,,,,MSC-REFERENCE,YES
TRX-FMC-1720396800000-16,2024-07-07,RECEIVE,FMC,CS 008,"MSC Idania",,MSC Idania,,"",,,,,,,,MSC-REFERENCE,YES
TRX-FMC-1720396800000-15,2024-07-07,RECEIVE,FMC,CS 007,"MSC Idania",,MSC Idania,,"",,,,,,,,MSC-REFERENCE,YES
TRX-FMC-1719964800000-13,2024-07-02,SHIP,FMC,CS 007,"72 Cartons-LTL 4-CS007-009",,,,"",,LTL,,72,,,,OTHER,YES
TRX-FMC-1719964800000-14,2024-07-02,SHIP,FMC,CS 009,"72 Cartons-LTL 4-CS007-009",,,,"",,LTL,,72,,,,OTHER,YES
TRX-FMC-1719273600000-11,2024-06-24,SHIP,FMC,CS 009,"130 Cartons-LTL 3-CS007-009-010",,,,"",,LTL,,130,,,,OTHER,YES
TRX-FMC-1719273600000-12,2024-06-24,SHIP,FMC,CS 010,"130 Cartons-LTL 3-CS007-009-010",,,,"",,LTL,,130,,,,OTHER,YES
TRX-FMC-1719273600000-10,2024-06-24,SHIP,FMC,CS 007,"130 Cartons-LTL 3-CS007-009-010",,,,"",,LTL,,130,,,,OTHER,YES
TRX-FMC-1718064000000-9,2024-06-10,SHIP,FMC,CS 008,"45 Cartons - LTL 3 - CS008",,,,"",,LTL,,45,,,,OTHER,YES
TRX-FMC-1717632000000-8,2024-06-05,SHIP,FMC,CS 007,"54 Cartons - LTL 2 - CS007",,,,"",,LTL,,54,,,,OTHER,YES
TRX-FMC-1716336000000-5,2024-05-21,SHIP,FMC,CS 007,"256 Cartons - LTL 2 - CS-PDS",,,,"",,LTL,,256,,,,OTHER,YES
TRX-FMC-1716336000000-7,2024-05-21,SHIP,FMC,CS 010,"256 Cartons - LTL 2 - CS-PDS",,,,"",,LTL,,256,,,,OTHER,YES
TRX-FMC-1716336000000-6,2024-05-21,SHIP,FMC,CS 009,"256 Cartons - LTL 2 - CS-PDS",,,,"",,LTL,,256,,,,OTHER,YES
TRX-FMC-1716163200000-4,2024-05-19,SHIP,FMC,CS 007,"36 Cartons - LTL 1 - CS007",,,,"",,LTL,,36,,,,OTHER,YES
TRX-FMC-1715904000000-2,2024-05-16,RECEIVE,FMC,CS 009,"OOCL Germany",,OOCL Germany,,"",,,,,,,,OOCL-REFERENCE,YES
TRX-FMC-1715904000000-0,2024-05-16,RECEIVE,FMC,CS 007,"OOCL Germany",,OOCL Germany,,"",,,,,,,,OOCL-REFERENCE,YES
TRX-FMC-1715904000000-3,2024-05-16,RECEIVE,FMC,CS 010,"OOCL Germany",,OOCL Germany,,"",,,,,,,,OOCL-REFERENCE,YES
TRX-FMC-1715904000000-1,2024-05-16,RECEIVE,FMC,CS 008,"OOCL Germany",,OOCL Germany,,"",,,,,,,,OOCL-REFERENCE,YES
